INSERT INTO dataleague_pays (id_pays, libelle, drapeau) VALUES
(1, 'France', 'France.png'),
(2, 'Allemagne', 'Germany.png'),
(3, 'Royaume-Uni', 'United-Kingdom.png'),
(4, 'Pays-Bas', 'Netherlands.png'),
(5, 'États-Unis', 'United-States.png'),
(6, 'Corée du Sud', 'Korea-Republic.png'),
(7, 'Chine', 'China-PR.png'),
(8, 'Danemark', 'Denmark.png'),
(9, 'Australie', 'Australia.png'),
(10, 'Autriche', 'Austria.png'),
(11, 'Belgique', 'Belgium.png'),
(12, 'Bulgarie', 'Bulgaria.png'),
(13, 'Canada', 'Canada.png'),
(14, 'Croatie', 'Croatia.png'),
(15, 'Estonie', 'Estonia.png'),
(16, 'Finlande', 'Finland.png'),
(17, 'Grèce', 'Greece.png'),
(18, 'Hong-Kong', 'Hong-Kong.png'),
(19, 'Italie', 'Italy.png'),
(20, 'Japon', 'Japan.png'),
(21, 'Nouvelle Zélande', 'New-Zealand.png'),
(22, 'Pologne', 'Poland.png'),
(23, 'Portugal', 'Portugal.png'),
(24, 'Roumanie', 'Romanie.png'),
(25, 'Russie', 'Russia.png'),
(26, 'Serbie', 'Serbia.png'),
(27, 'Slovanie', 'Slovania.png'),
(28, 'Espagne', 'Spain.png'),
(29, 'Suède', 'Sweden.png'),
(30, 'Taiwan', 'Taiwan.png'),
(31, 'Turquie', 'Turkey.png'),
(32, 'Ukraine', 'Ukraine.png');


INSERT INTO dataleague_equipe (id_equipe, nom, logo, pays_id_pays, date_creation, link_fb, link_twitter, link_insta) VALUES
(1, 'Solary', 'logo-Solary.png', 1, '2017', 'https://www.facebook.com/SolaryTV/', 'https://twitter.com/SolaryTV', 'https://www.instagram.com/solarytv/'),
(2, 'Karmine Corp', 'logo-Karmine_Corp.png', 1, '2020', 'https://www.facebook.com/KarmineCorp', 'https://twitter.com/karminecorp', 'https://www.instagram.com/karminecorp/'),
(3, 'Misfits Premier', 'logo-Misfits.png', 1, '2019', 'https://www.facebook.com/MisfitsGG/', 'https://twitter.com/MisfitsGG', 'https://www.instagram.com/misfitsgg/'),
(4, 'LDLC OL', 'logo-LDLC.png', 1, '2010', 'https://www.facebook.com/teamLDLC/', 'https://twitter.com/LDLC_OL', 'https://www.instagram.com/ldlc_ol/'),
(5, 'GamersOrigin', 'logo-GamersOrigin.png', 1, '2017', 'https://www.facebook.com/GamersOrigin/', 'https://twitter.com/GamersOrigin', 'https://www.instagram.com/gamersorigin/'),
(6, 'G2 Esports', 'logo-G2_Esports.png', 2, '2015', 'https://www.facebook.com/G2esports', 'https://twitter.com/G2esports', 'https://www.instagram.com/g2esports/'),
(7, 'Fnatic', 'logo-Fnatic.png', 2, '2004', 'https://www.facebook.com/FnaticLoL', 'https://twitter.com/FNATIC', 'https://www.instagram.com/fnatic.lol/'),
(8, 'Team Liquid', 'logo-Team_Liquid.png', 4, '2000', 'https://fr-fr.facebook.com/teamliquid/', 'https://twitter.com/teamliquidlol', 'https://www.instagram.com/TeamLiquid/'),
(9, 'Rogue', 'logo-Rogue.png', 5, '2016', 'https://www.facebook.com/RogueGG', 'https://twitter.com/rogue', 'https://www.instagram.com/rogue.gg/'),
(10, 'TSM', 'logo-TSM.png', 5, '2009', 'https://www.facebook.com/TSM', 'https://twitter.com/TSM', 'https://instagram.com/tsm/'),
(11, 'Vitality', 'logo-Vitality.png', 1, '2015', 'https://www.facebook.com/teamvitality', 'https://twitter.com/TeamVitality', 'https://www.instagram.com/teamvitality/'),
(12, 'T1', 'logo-T1.png', 6, '2019', 'https://www.facebook.com/T1LoL', 'https://twitter.com/T1LoL', 'https://www.instagram.com/t1lol/'),
(13, 'Royal Never Give Up', 'logo-Royal_Never_Give_Up.png', 7, '2015', 'https://www.facebook.com/RNGRoyal/', 'https://twitter.com/RNGRoyal', 'https://www.instagram.com/rngroyal/'),
(14, 'FunPlus Phoenix', 'logo-FunPlus_Phoenix.png', 7, '2017', null, 'https://twitter.com/FPX_Esports', 'https://www.instagram.com/fpx.esports/'),
(15, 'EDward Gaming', 'logo-EDward_Gaming.png', 7, '2014', 'https://www.facebook.com/LPLEDWARD', 'https://twitter.com/EDG_Edward', 'https://www.instagram.com/edg_official/'),
(16, 'Astralis', 'logo-Astralis.png', 8, '2016', 'https://www.facebook.com/astralisgg', 'https://twitter.com/astralisgg', 'https://www.instagram.com/astralis/'),
(17, 'Dignitas', 'logo-Dignitas.png', 3, '2019', 'https://www.facebook.com/Dignitas', 'https://twitter.com/Dignitas', 'https://www.instagram.com/Dignitas/'),
(18, 'Damwon Gaming', 'logo-Damwon_Gaming.png', 6, '2017', 'https://www.facebook.com/dwgkia.lol', 'https://twitter.com/DWGKIA', 'https://www.instagram.com/dwgkia.lol/'),
(19, 'DRX', 'logo-DRX.png', 6, '2019', 'https://www.facebook.com/DRXGlobal', 'https://twitter.com/DRXGlobal', 'https://www.instagram.com/drxglobal/'),
(20, 'Gen.G', 'logo-Gen_G.png', 6, '2018', 'https://www.facebook.com/GenGLOL', 'https://twitter.com/GenG_KR', 'https://www.instagram.com/gengesports/'),
(21, 'SK Gaming', 'logo-SK_Gaming.png', 2, '2010', 'https://www.facebook.com/SKGaming', 'https://twitter.com/SKGaming', 'https://www.instagram.com/skgaming/'),
(22, '100 Thieves', 'logo-100_Thieves.png', 5, '2016', 'https://www.facebook.com/100Thieves', 'https://twitter.com/100Thieves', 'https://www.instagram.com/100thieves/'),
(23, 'Cloud9', 'logo-Cloud9.png', 5, '2012', 'https://www.facebook.com/cloud9', 'https://twitter.com/cloud9', 'https://www.instagram.com/cloud9gg/'),
(24, 'Invictus Gaming', 'logo-Invictus_Gaming.png', 7, '2011', 'https://www.facebook.com/InvictusGaming.Official', 'https://twitter.com/invgaming', 'https://www.instagram.com/iginvictusgaming/'),
(25, 'Immortals', 'logo-Immortals.png', 5, '2015', 'https://www.facebook.com/Immortalsgg', 'https://twitter.com/immortals', 'https://www.instagram.com/immortals_gg/');


INSERT INTO dataleague_jeux(id_jeux, nom, accronyme, logo) VALUES
(1, 'League of Legend', 'LOL', 'lol.png'),
(2, 'Counter Strike: Global Offensive', 'CSGO', 'csgo.png');


INSERT INTO dataleague_poste(id_poste, nom) VALUES
(1, 'Top'),
(2, 'Jungle'),
(3, 'Mid'),
(4, 'Adc'),
(5, 'Support'),
(6, 'Coach');


INSERT INTO dataleague_joueur(nom, prenom, pseudo, jeux_id_jeux, poste_id_poste, equipe_id_equipe, pays_id_pays, photo) VALUES
('Robert', 'Cedric', 'Eyliph', 1, 1, 1, 1, '.png'),
('Charly', 'Guillard', 'Djoko', 1, 2, 1, 1, '.png'),
('Wiederhofer', 'Marcel', 'Scarlet', 1, 3, 1, 10, '.png'),
('Jacobs', 'Patrick', 'Asza', 1, 4, 1, 4, '.png'),
('Medjaldi', 'Pierre', 'Steeelback', 1, 5, 1, 1, '.png'),
('Kaikkonen', 'Aleksi', 'H1IVA', 1, 6, 1, 16, '.png');